{"tau_values": [5.5, 24.5, 104.0], "nu0": 8, "data_dir": "/home/kronos/mushroooom/data/zenodo_5790768", "files": [{"file": "/home/kronos/mushroooom/data/zenodo_5790768/Schizophyllum commune.txt", "label": "Schizophyllum_commune", "channel": "diff_1", "segments": 8}, {"file": "/home/kronos/mushroooom/data/zenodo_5790768/Enoki fungi Flammulina velutipes.txt", "label": "Flammulina_velutipes", "channel": "diff_1", "segments": 8}, {"file": "/home/kronos/mushroooom/data/zenodo_5790768/Ghost Fungi Omphalotus nidiformis.txt", "label": "Omphalotus_nidiformis", "channel": "diff_1", "segments": 8}, {"file": "/home/kronos/mushroooom/data/zenodo_5790768/Cordyceps militari.txt", "label": "Cordyceps_militaris", "channel": "diff_1", "segments": 8}], "n_train": 22, "n_test": 10, "accuracy": 1.0, "model": "RandomForestClassifier", "classes": ["Cordyceps_militaris", "Flammulina_velutipes", "Omphalotus_nidiformis", "Schizophyllum_commune"], "created_by": "joe knowles", "timestamp": "2025-08-19T10:42:19", "intended_for": "peer_review"}